total_patients,avg_waiting_time,median_waiting_time,max_waiting_time,avg_los,median_los,target_compliance,level_1_count,level_1_avg_wait,level_1_median_wait,level_1_max_wait,level_1_target_compliance,level_2_count,level_2_avg_wait,level_2_median_wait,level_2_max_wait,level_2_target_compliance,level_3_count,level_3_avg_wait,level_3_median_wait,level_3_max_wait,level_3_target_compliance,level_4_count,level_4_avg_wait,level_4_median_wait,level_4_max_wait,level_4_target_compliance,level_5_count,level_5_avg_wait,level_5_median_wait,level_5_max_wait,level_5_target_compliance,strategy,seed,replication
55,72.54330646297706,75.2613575999865,120.03772006731975,90.26008939208923,91.77399378692891,70.9090909090909,3,72.6551687253195,81.69950857288529,93.77837946214115,0.0,5,79.55987148022584,97.13103749516037,113.6971936868706,0.0,14,62.17418893114604,57.704529478094244,111.16956940980691,50.0,21,69.14001019125054,61.818797550453894,120.03772006731975,95.23809523809523,12,87.64484440286195,83.8841612065345,116.75338464583336,100.0,FIFO,42,1
55,25.32743892461988,22.232639365627335,81.13152154121747,43.903249868423536,38.7498974389824,80.0,3,13.7920378296679,3.6376995583845826,34.14831914428896,0.0,9,28.795869493655744,33.018255386798046,68.5973212734466,33.33333333333333,11,25.027381489953324,15.542729435846212,81.13152154121747,81.81818181818183,23,26.02404502809482,22.232639365627335,72.90604692647145,100.0,9,24.290663320724484,19.45708112046043,76.33392738032944,100.0,FIFO,43,2
58,69.99559180889356,58.708327360864516,160.48758929630372,90.13055692328115,80.58310268058439,56.896551724137936,2,99.84054457601279,99.84054457601279,129.0399049838096,0.0,11,67.89596916572258,51.48928584011591,132.91914227002087,0.0,16,63.77272415035524,53.5839337904125,153.72325559978714,56.25,24,70.49308469568433,61.55055369898123,160.48758929630372,79.16666666666666,5,80.20199116774904,60.62752080166052,156.21039177275173,100.0,FIFO,44,3
50,88.82631677203464,84.2015929683808,174.70658411071656,108.96159483819527,98.42946284286512,54.0,3,118.11795054178747,105.7001304237715,158.48003429846,0.0,8,100.49467948773139,93.98511382870258,174.70658411071656,0.0,11,78.91659953266434,79.51855348664967,118.34206371144325,9.090909090909092,18,82.11543938930186,73.24008507662083,162.52791053372778,88.88888888888889,10,93.68440472077762,89.4688730637403,145.10852796546897,100.0,FIFO,45,4
46,92.9318122263353,78.92967542858909,169.51359867120112,114.96850287766881,112.2814743738627,47.82608695652174,4,73.71212862628272,57.15436935544736,146.85884612829193,0.0,5,90.80771929767377,78.56203743678785,148.16923989393257,0.0,15,92.12539025306522,83.75310292951542,169.51359867120112,20.0,15,89.30413622788592,78.67118330325283,165.33448753061344,80.0,7,114.93333631480824,136.36704607042105,143.7241668572491,100.0,FIFO,46,5
57,68.21703138988559,56.01735744177304,150.98832442990795,88.11468689949947,70.00834100784417,54.385964912280706,4,48.27098583638226,37.97939307972851,105.59668018450361,0.0,10,68.81540181358028,61.884229795549004,138.18270139743868,10.0,16,66.33615217054265,48.687422573742765,150.1944231589133,62.5,18,83.05557918612597,84.25013329619259,150.98832442990795,61.111111111111114,9,50.08377418479966,48.537627447033884,132.36139098178438,100.0,FIFO,47,6
53,72.31012729097628,76.88870108851972,122.67016500086015,92.04113835653496,93.5402335410385,54.71698113207547,0,0.0,0.0,0.0,0.0,10,69.12207768197841,70.50664202010424,95.6268949772033,0.0,20,70.52451468333686,77.81111680649998,120.34364706008114,35.0,15,78.0547199680007,84.61524724067812,122.67016500086015,93.33333333333333,8,69.98810955190143,66.53995564303796,115.69640134438873,100.0,FIFO,48,7
54,104.72793656889722,108.45992445634086,172.50489567162782,125.69923796784695,126.68257870262457,40.74074074074074,5,105.96038104763575,103.59818329163558,137.94312471714636,0.0,10,99.80990111232796,104.36842800035319,164.00765550954736,0.0,15,95.76227219347894,100.68253381182322,147.92925720221217,26.666666666666668,18,108.1414487204285,114.73159444206865,171.61062289477292,66.66666666666666,6,124.07124974818237,130.2098365529206,172.50489567162782,100.0,FIFO,49,8
49,99.88556057460926,115.63775025490247,188.28849963703811,121.55709006420389,126.49297232249353,38.775510204081634,2,102.4147327156661,102.4147327156661,137.5678043194053,0.0,11,96.61814483322064,115.63234536779657,146.92350465102638,0.0,14,93.89902607505405,102.46539696083319,137.23901113459502,28.57142857142857,14,101.18820738519932,116.99213781709535,177.2283206469391,57.14285714285714,8,111.94276763944339,118.88700893098505,188.28849963703811,87.5,FIFO,50,9
51,125.58741137286914,128.73653318099804,179.8243139886912,145.8768125606572,149.81559074041337,31.372549019607842,1,129.80963717266388,129.80963717266388,129.80963717266388,0.0,11,108.47541840813142,95.46013399958706,176.16403487699017,0.0,12,119.803155986179,121.3646597344147,165.6600146176039,0.0,17,132.62296207881076,163.4442490196076,179.8243139886912,35.294117647058826,10,138.9690513180285,147.24040998190435,171.0376679268137,100.0,FIFO,51,10
60,98.42724962567415,92.78026452019299,146.40773588150796,115.43207343423956,114.62195058791991,40.0,2,88.76129102613322,88.76129102613322,105.36307982617615,0.0,9,90.40917968310039,82.07321868408773,133.23788953740296,0.0,15,95.10929230939024,87.21567871525761,143.56397837096907,0.0,21,109.65030202972555,117.2368938551698,146.40773588150796,52.38095238095239,13,91.16415777501439,84.50383707635208,134.86851478450268,100.0,FIFO,52,11
54,74.83601873617269,83.26884463744538,168.4345019430117,95.63904505157862,110.06738826585094,50.0,3,69.23397290897786,82.6499828960514,107.39663283251218,0.0,10,83.7422731736808,95.39035567686213,151.50110251985654,20.0,13,83.88798655949641,109.25325018923743,153.19346113874406,30.76923076923077,19,80.54390902715684,91.52624529193199,167.0485005553698,63.1578947368421,9,41.68247383335012,6.9903113926175,168.4345019430117,100.0,FIFO,53,12
59,69.83830920221826,80.76748911977501,113.93158910419595,88.61054807009728,95.7972365172954,52.54237288135594,5,52.26995000877317,39.170226248394385,101.92321041096861,0.0,12,69.03589780612468,79.98579467380529,95.39025758755912,0.0,16,65.80466447399259,70.69261121660422,113.93158910419595,31.25,17,71.78629419518408,77.43620020109313,111.87245647761648,100.0,9,84.15978736794484,89.14785951266714,110.56310905109694,100.0,FIFO,54,13
60,55.68977892505411,54.181657864200275,92.90527945753297,73.61398025944342,72.19641738388104,66.66666666666666,3,52.36696808382086,49.360841024806916,59.998197996999465,0.0,8,50.17110230225687,49.50077184140234,92.65506864968631,0.0,17,59.09197839030211,60.17927816691997,81.82888431676497,47.05882352941176,25,54.16015295103999,50.26083098093699,92.90527945753297,100.0,7,60.62136520322772,60.82620442702341,86.87592542867259,100.0,FIFO,55,14
60,54.68868267311515,62.22014557984457,108.51963704069192,73.81785266046239,84.7338604184124,68.33333333333333,2,59.983241084433914,59.983241084433914,81.97179205552925,0.0,3,83.50512844035866,81.04577859818562,102.28685212183166,0.0,26,54.44648479557326,63.47361974207263,104.54172489097226,46.15384615384615,20,50.10718562543805,45.67973056927973,108.51963704069192,100.0,9,54.78741952258885,61.35654403849827,104.71114487325383,100.0,FIFO,56,15
58,48.240895896451164,47.09726927519246,107.45097457899539,67.7639774146427,66.92254629256527,67.24137931034483,1,104.39734153487365,104.39734153487365,104.39734153487365,0.0,13,46.46259197954055,42.44027327991492,101.81633427979466,7.6923076923076925,18,46.6913703215381,43.89821709147685,107.45097457899539,66.66666666666666,15,47.06357656067859,51.80456248796264,103.48936681664298,100.0,11,49.378419138854746,40.544901053681656,103.17545068457372,100.0,FIFO,57,16
61,56.632019923607515,66.82576103436105,117.80032238655917,75.0287936557543,79.19683412121685,73.77049180327869,1,106.78956464742657,106.78956464742657,106.78956464742657,0.0,11,50.067451841976954,66.82576103436105,84.9529493516514,18.181818181818183,17,44.358132345735484,47.78074474604293,85.50375809608738,64.70588235294117,17,59.59897409364033,67.26982157128424,113.97019462168436,100.0,15,68.6500580640998,70.63748080310296,117.80032238655917,100.0,FIFO,58,17
50,97.79455884450121,90.37459620121908,179.28255974528702,120.02604907486025,119.75054861674255,46.0,6,89.92416817613726,84.03104868134945,131.72695427298714,0.0,7,111.04074959974409,137.0114400608406,163.85967006414353,0.0,13,95.64954372474884,63.66532952464766,178.78942379875278,38.46153846153847,15,97.25528584829186,115.94388452992848,167.35494669781542,60.0,9,96.73603664710174,80.81071220066156,179.28255974528702,100.0,FIFO,59,18
47,171.59557875319766,174.78281038124464,213.08973677130984,190.04322544996595,189.18572007664233,19.148936170212767,0,0.0,0.0,0.0,0.0,13,166.11578693668065,171.5452510820322,207.76678659397217,0.0,3,185.31598307179286,186.92933950169163,199.95117624942128,0.0,19,169.02279200478316,172.2000493942714,213.08973677130984,10.526315789473683,12,178.17549782643195,177.86045883356974,207.13559649870032,58.333333333333336,FIFO,60,19
57,71.05350270615834,77.39139345571238,112.63926549331529,90.53185948406863,97.03313191624869,54.385964912280706,3,57.396161980080734,55.30031529820596,82.8454893580411,0.0,9,79.20371065524036,79.64933605419614,108.48234882102469,0.0,21,69.19285455477785,77.39139345571238,109.84945893514072,33.33333333333333,18,67.86914400569322,72.99590232516252,105.25172427728671,100.0,6,81.7222057768012,98.88672544603948,112.63926549331529,100.0,FIFO,61,20
57,53.74524741002503,50.87817016072455,111.7687869445524,72.75368767313873,68.01333399227063,78.94736842105263,1,74.60746932930027,74.60746932930027,74.60746932930027,0.0,9,60.64130905712692,60.76666241390285,81.67664373706225,0.0,16,51.4573522246709,47.990472999130624,86.53331425823819,87.5,23,51.83989984625087,49.333522344548726,111.7687869445524,100.0,8,53.43306493368493,55.70258744114088,71.12099090137866,100.0,FIFO,62,21
56,89.65913358848736,79.83442367905211,167.0947322099912,109.35077590160986,95.10139581596,42.857142857142854,4,76.48266842901468,75.71687619461925,114.83418682153928,0.0,7,88.74250692664953,88.70374107277425,135.66596170993967,0.0,15,86.30256293142241,65.64594147197988,146.40853287924983,33.33333333333333,21,107.76132417453412,127.01833047436463,167.0947322099912,47.61904761904761,9,59.58411190179274,71.09108897524042,83.8251117700423,100.0,FIFO,63,22
61,37.83886582526286,35.428352763578204,87.15518256775198,56.76259460424767,55.048085260223615,83.60655737704919,3,30.871407661096484,25.18010050704504,43.372997494628635,0.0,5,43.44067678858299,61.32596344498489,68.67649300562135,40.0,14,40.66124721148577,41.4041127302209,81.58617745894105,71.42857142857143,27,38.265955111774154,36.06811122819039,83.14874234344046,100.0,12,32.992913286343885,15.033428073877545,87.15518256775198,100.0,FIFO,64,23
50,80.23435832185348,74.78734671017303,162.94330611580887,101.34091280209432,96.64692001006466,56.00000000000001,3,78.87345179319026,92.84649061895504,94.04812226954249,0.0,7,90.842386654519,77.08011786271067,127.7882816088026,0.0,16,69.7447526951271,64.86668402228848,119.51727530883795,37.5,19,77.73521595926547,75.41650239148282,124.36346061979248,89.47368421052632,5,109.26314155667842,97.91654743764502,162.94330611580887,100.0,FIFO,65,24
58,93.93948801650104,105.57566750428504,154.13094976132817,112.79025767432991,118.76942427813349,46.55172413793103,3,106.85754142876506,124.00542203488789,127.56037573912892,0.0,9,94.64933947308184,108.75712726004537,154.13094976132817,0.0,18,89.9772499875167,101.16600392302448,138.9825473122619,22.22222222222222,21,100.42836750201857,107.94843600878588,152.43712260174317,76.19047619047619,7,78.21248687076267,69.23782593107433,112.68539809003039,100.0,FIFO,66,25
54,82.09319959829132,78.76895888791923,120.60515398199885,100.96342822199797,96.77384197288262,51.85185185185185,2,77.63354850047835,77.63354850047835,92.47173476029155,0.0,9,81.79956807320038,70.27023190952792,120.3915315207172,0.0,16,77.7650989218005,73.64067202605926,109.46771454809527,12.5,20,83.33583337154752,80.60766123519696,120.60515398199885,95.0,7,90.0873312097445,86.001459054556,119.1720745247062,100.0,FIFO,67,26
51,63.41676352853913,55.00552779376696,114.03554033081673,83.04158873556338,76.65947647379633,72.54901960784314,2,71.99903975919813,71.99903975919813,95.85290932984685,0.0,5,76.27841409619249,80.85111586972795,90.55364018815584,0.0,22,57.392764735688885,52.27120959095208,105.28889469584749,68.18181818181817,14,68.03778275350861,61.4608944096519,114.03554033081673,100.0,8,61.71187590273256,55.35594242694334,96.04007161528722,100.0,FIFO,68,27
61,53.11286846863488,58.302847929063944,92.81797371102661,71.65272191574785,76.16302098658099,72.1311475409836,4,50.78674623284444,50.57470000533779,55.5492898995937,0.0,10,50.155327593260424,65.63347098230528,92.81797371102661,20.0,10,58.92482016101023,62.53249831860211,79.11356389783685,50.0,24,52.80287675973912,59.88084679162719,84.9833280479233,100.0,13,52.20519014453113,55.92979755293737,78.11390963664053,100.0,FIFO,69,28
52,94.46658281948086,90.34464334815776,166.1897994961002,114.342816589277,109.19165418502845,61.53846153846154,2,111.16053314960608,111.16053314960608,130.00095495464777,0.0,9,107.33591199847739,112.93487752449758,153.4120052159799,0.0,11,79.45629062195168,53.34300461968675,162.1539285124332,54.54545454545454,24,83.59100090208518,67.77611523381599,162.70561809513447,83.33333333333334,6,140.61913563933035,154.4193547983561,166.1897994961002,100.0,FIFO,70,29
58,89.8836504369013,75.45253253926583,169.7961274164025,108.09390480694174,100.40048346450712,43.103448275862064,4,92.52681048951976,97.20132813566323,133.9252579262945,0.0,8,76.58644499355316,69.2331862708391,110.43718503502703,0.0,19,88.99262973980335,79.02431756783051,150.25406816529278,21.052631578947366,21,88.81751657308425,74.16438347938386,159.03981676572204,71.42857142857143,6,112.40418505712303,107.64981945823904,169.7961274164025,100.0,FIFO,71,30
44,57.43285510001874,15.921425415607274,272.51399139207,80.35202088995217,48.10936182948957,68.18181818181817,5,11.891577345212204,12.99860891261315,15.022141956944267,0.0,9,9.404511199444528,8.694168139014494,16.82070887427028,88.88888888888889,19,24.463820124015914,18.950153928931684,61.422030280862344,94.73684210526315,11,174.37586859304182,234.36828079251316,272.51399139207,36.36363636363637,0,0.0,0.0,0.0,0.0,Priority Strict,42,1
51,15.538233827066355,10.756741223089932,48.60621633528257,35.489589140457475,32.25162306877914,86.27450980392157,3,6.90939666135634,3.6376995583845826,13.50039563935428,0.0,11,13.689806660235922,12.370331881863365,33.051949306375406,63.63636363636363,15,17.09169018572746,10.756741223089932,48.60621633528257,100.0,16,15.44672502348195,10.190751590642222,38.522214027562825,100.0,6,19.60181812868278,22.005557836754733,30.242668960993512,100.0,Priority Strict,43,2
45,33.90336729637996,15.320937779250158,106.24265762148927,59.189228313276814,43.696305315211816,62.22222222222222,3,11.294610929137122,7.159749333822731,22.232187979352148,0.0,13,12.753634131190504,9.960812354074903,26.608326930591033,69.23076923076923,22,41.64210646671467,43.999986052155805,89.63253693024927,54.54545454545454,7,58.54915851092682,87.59435152462733,106.24265762148927,100.0,0,0.0,0.0,0.0,0.0,Priority Strict,44,3
38,53.45802353716719,21.71681622806593,180.05924772248108,80.79731200094176,67.54001814482146,44.73684210526316,5,18.040005919412778,14.282403814651104,41.550483273941495,0.0,14,45.36085753802383,50.07942002229481,89.23846015749251,35.714285714285715,13,42.067729617952075,9.939226425887128,180.05924772248108,76.92307692307693,6,126.54539570826311,124.81224429501339,144.53824894917693,33.33333333333333,0,0.0,0.0,0.0,0.0,Priority Strict,45,4
39,54.090804642199835,39.692157991611545,132.71677960695973,81.2601486708073,70.65480048703313,33.33333333333333,5,8.38690462913404,8.933109900618547,11.056538909451888,0.0,10,18.55251620928147,17.09051973756776,33.95176980893672,30.0,24,78.42007065863787,96.02816276609138,132.71677960695973,41.66666666666667,0,0.0,0.0,0.0,0.0,0,0.0,0.0,0.0,0.0,Priority Strict,46,5
51,52.734775226194,32.80289561030048,275.51308382835066,75.21433084752691,62.83384036493601,50.98039215686274,4,10.93835266386722,11.414887930747383,12.24008823333375,0.0,11,29.111529805716486,16.488631872526014,70.45203025014592,36.36363636363637,27,47.4969838038591,42.78962094661591,120.7031309404556,59.25925925925925,8,129.12807732996905,62.074210921411364,275.51308382835066,62.5,1,10.050116673595667,10.050116673595667,10.050116673595667,100.0,Priority Strict,47,6
42,25.70775734276144,18.05106788409418,87.39228916581015,52.68448191811519,50.275281816416665,76.19047619047619,2,9.541122559180309,9.541122559180309,10.939393487355972,0.0,14,14.470372994133365,12.950722962179256,26.951303632262125,57.14285714285714,26,33.00224389845203,29.98428403258356,87.39228916581015,92.3076923076923,0,0.0,0.0,0.0,0.0,0,0.0,0.0,0.0,0.0,Priority Strict,48,7
45,62.57374560529744,20.851772661726045,304.7913314364621,87.11313648079611,52.74951886059175,31.11111111111111,6,9.836966411549945,9.540215865065363,13.240382194318386,0.0,12,17.652218248879024,17.514168776093868,43.09403273074604,33.33333333333333,23,59.263658792672324,71.14076839862088,125.10098612232078,43.47826086956522,4,295.4764956377682,298.9034464142709,304.7913314364621,0.0,0,0.0,0.0,0.0,0.0,Priority Strict,49,8
41,48.842135514484006,36.98164022752735,160.48940727245503,75.97957593478088,64.2223906593652,51.21951219512195,3,7.896365512459876,8.330428918175926,8.611899395392186,0.0,15,16.807906446651877,12.474967849548221,41.50814719155994,73.33333333333333,23,75.07477664594288,71.65622553317695,160.48940727245503,43.47826086956522,0,0.0,0.0,0.0,0.0,0,0.0,0.0,0.0,0.0,Priority Strict,50,9
41,74.60025475072851,15.74028414319173,324.745585783702,100.77031679212877,55.59925249371793,43.90243902439025,3,9.64128808071367,8.147913539234537,14.974329080702148,0.0,17,13.376923917872848,12.244333144434592,36.28623400846216,70.58823529411765,15,65.41425973882112,74.13879702065236,127.51717990921381,40.0,6,303.51082964192875,301.7267939205393,324.745585783702,0.0,0,0.0,0.0,0.0,0.0,Priority Strict,51,10
48,55.49995650567913,18.974880121880524,203.96251501523753,75.68644307061537,45.42858082490788,66.66666666666666,2,9.990611795875694,9.990611795875694,13.634299795587737,0.0,11,11.686757011516391,10.535677271359333,25.625016599175922,81.81818181818183,23,21.720192854371064,17.934914740842544,46.254114247142354,100.0,12,167.99149382530268,165.8543319717267,203.96251501523753,0.0,0,0.0,0.0,0.0,0.0,Priority Strict,52,11
44,44.82964289859328,13.853683152767417,175.90035564914655,70.39289289628576,59.194481653922324,50.0,6,23.42378365625315,17.816429613433385,47.203175375124204,0.0,14,27.073998502356257,10.6673790491283,75.7351751813361,57.14285714285714,13,107.15818309418958,133.30818352214962,175.90035564914655,23.076923076923077,6,5.2623314600119855,5.054852836309408,6.965597922946898,100.0,5,5.6590475166121905,6.129477791029828,6.9903113926175,100.0,Priority Strict,53,12
52,61.83689984022572,23.56632574158853,268.90805894967224,83.69418573906486,50.30229427525788,59.61538461538461,7,8.751776145321937,9.490948670770308,13.193304829808426,0.0,13,12.24762719139835,12.076549481728534,27.244494603840195,76.92307692307693,21,29.595445881848647,29.4745686040539,67.1255584615676,95.23809523809523,11,215.77571287886215,255.06387196424862,268.90805894967224,9.090909090909092,0,0.0,0.0,0.0,0.0,Priority Strict,54,13
58,44.98268765499377,38.44191415526211,118.4361036716034,63.74026505953007,54.63195212604275,89.65517241379311,3,10.800076284903463,11.190838638215027,15.923373594343957,0.0,8,14.853642177357344,12.907321320578689,35.455036110007654,62.5,19,18.88868049437487,19.30459656681512,43.342013504310586,100.0,28,74.96005672581953,68.94151250434703,118.4361036716034,100.0,0,0.0,0.0,0.0,0.0,Priority Strict,55,14
54,46.7393048236376,15.95400244696539,242.1266393538788,67.89077502336114,41.13597495050632,81.48148148148148,2,10.954523052964987,10.954523052964987,11.723347235669792,0.0,3,12.089305360102477,8.979106920004199,22.601733966350537,66.66666666666666,32,16.173906811217925,14.601015214448452,37.579718608472376,100.0,15,127.2503549655751,116.62944807954648,242.1266393538788,53.333333333333336,2,19.712577923796154,19.712577923796154,32.458011180716525,100.0,Priority Strict,56,15
45,19.845339419733858,15.536049029383435,51.48229045472,43.94973213535695,45.51380464514369,86.66666666666667,2,9.731789489912842,9.731789489912842,10.49520946513752,0.0,14,10.914171919747629,9.477634000644215,23.789438790406052,71.42857142857143,22,27.210348886870054,29.487603647144,49.02881760278012,100.0,6,19.412961368591485,17.716528771336165,51.48229045472,100.0,1,5.672844309041096,5.672844309041096,5.672844309041096,100.0,Priority Strict,57,16
48,36.93811624227959,17.45584107833936,201.9170359704766,59.22113065163592,48.70296365273582,83.33333333333334,1,23.193048682564154,23.193048682564154,23.193048682564154,0.0,15,11.443912981989428,12.390487556373813,17.509834908041768,73.33333333333333,21,29.583094081332828,34.52064287242126,61.62525764802959,95.23809523809523,10,95.18824934819428,98.05636353409058,201.9170359704766,80.0,1,5.050367027082444,5.050367027082444,5.050367027082444,100.0,Priority Strict,58,17
42,71.04836298434086,24.730491853204285,351.6865797568586,98.48929507611642,58.19719024516188,33.33333333333333,8,14.419316775426783,12.39102265945786,24.922152992286954,0.0,11,22.41650563017356,17.343925356353736,48.984740522735706,36.36363636363637,18,57.21125203294692,29.473474107553358,142.64663889366727,55.55555555555556,5,318.45852252278956,310.96775376275616,351.6865797568586,0.0,0,0.0,0.0,0.0,0.0,Priority Strict,59,18
34,52.93382791545349,54.306950653812564,172.34745201609513,79.17932503382079,80.42377552315654,20.588235294117645,2,11.769414785947447,11.769414785947447,12.182098363932539,0.0,20,32.938264094687796,33.75262465521672,74.06344291642131,35.0,12,93.12050313831399,86.57656910776385,172.34745201609513,0.0,0,0.0,0.0,0.0,0.0,0,0.0,0.0,0.0,0.0,Priority Strict,60,19
47,42.76675926283486,15.48529744102683,310.1355212483143,66.14704686380884,42.48274531304699,76.59574468085107,3,13.415952792875538,14.956276926694017,17.069051208035503,0.0,10,14.342198553678239,14.187061308206552,34.556656382879794,70.0,27,20.930105903234086,15.277134342939519,68.71397756552881,96.29629629629629,7,180.17928315007273,254.56629395205613,310.1355212483143,42.857142857142854,0,0.0,0.0,0.0,0.0,Priority Strict,61,20
54,43.01673839258975,20.027261839569114,191.49938261483345,63.70405840818324,45.207072054915464,75.92592592592592,3,10.460876270669777,11.787566315214974,13.496914308357645,0.0,13,15.567750777711941,12.88790967853646,35.2656938894624,69.23076923076923,17,20.148806805663316,13.77853175819078,74.47380020238609,88.23529411764706,21,83.17194136101455,75.72129025866329,191.49938261483345,80.95238095238095,0,0.0,0.0,0.0,0.0,Priority Strict,62,21
42,49.81419860178099,31.02927658913709,145.521427818058,76.57428453519907,62.779216592304465,38.095238095238095,5,13.719875816833731,9.76695392022458,21.737790241430304,0.0,14,19.11621447576209,17.77330087601142,39.28372748136201,42.857142857142854,20,78.17578158055979,91.28403183590754,145.521427818058,35.0,3,64.15144263958933,65.05181246537558,70.66527172852498,100.0,0,0.0,0.0,0.0,0.0,Priority Strict,63,22
53,25.230552635789383,15.743754482639957,136.14614371328747,46.26982772907271,42.51692974944456,81.13207547169812,5,12.255911398930749,11.546809158218934,16.951957339446835,0.0,7,16.54877498443641,14.575349064630245,32.64538776484102,57.14285714285714,16,21.78613512824072,17.590633485586736,52.28604899001522,100.0,18,41.11790106980167,36.41750362311535,136.14614371328747,88.88888888888889,7,10.19970378612101,10.002890440569146,23.743256503613125,100.0,Priority Strict,64,23
40,44.71839755433005,30.716225578701604,177.4449458072829,70.81673016525585,56.068283997803455,60.0,5,15.202584861468129,16.05032376783953,20.6017310804492,0.0,11,21.724959495235307,8.173287852771125,63.684578173940565,63.63636363636363,20,44.79425024148436,36.37366695319223,101.47795625126452,75.0,4,144.46585464714641,144.81920124710064,177.4449458072829,50.0,0,0.0,0.0,0.0,0.0,Priority Strict,65,24
45,37.47001441183487,21.665909115504007,358.32742193427885,61.743569434297065,51.127256209450564,75.55555555555556,4,12.620342650797117,11.869428598753913,20.058077487330692,0.0,14,13.778250683910473,11.701116227210235,27.55525828349562,64.28571428571429,25,31.153394700913655,33.02844115819801,51.77134822272764,100.0,2,331.9694504158963,331.9694504158963,358.32742193427885,0.0,0,0.0,0.0,0.0,0.0,Priority Strict,66,25
48,68.54707624105329,13.711179601546519,222.74781237770162,90.14790517702886,44.85174833033163,60.416666666666664,3,12.061659268142469,10.147124969938034,16.507219953078646,0.0,11,12.755165907123315,11.453870535818965,29.81197264821685,81.81818181818183,20,13.497259355627431,12.635343921445532,45.32436286715195,100.0,14,203.13019069108753,205.12412078184082,222.74781237770162,0.0,0,0.0,0.0,0.0,0.0,Priority Strict,67,26
41,32.43237652265355,17.23024040443528,94.70010171187849,56.458064911671975,47.491881477445844,63.41463414634146,2,5.6363034548387105,5.6363034548387105,7.256919007693341,0.0,8,16.453016322099852,17.050048519595038,24.89337625509927,37.5,27,33.104750881169124,16.163256673563083,78.58834759498598,70.37037037037037,4,73.25060653768827,83.13767085960798,94.70010171187849,100.0,0,0.0,0.0,0.0,0.0,Priority Strict,68,27
58,41.98107600093679,22.388618577548126,182.84762423048898,61.479166384243534,49.127345558844866,79.3103448275862,4,14.017676006916801,12.532041391995165,24.700079587676782,0.0,11,15.068473927971844,12.877980928078756,32.44467588738118,72.72727272727273,14,18.581089405612087,9.714236129453354,72.46660374762814,92.85714285714286,27,70.59704186406934,56.45991833363826,182.84762423048898,85.18518518518519,2,23.411554405267246,23.411554405267246,28.90430496835866,100.0,Priority Strict,69,28
48,52.43402250941532,24.33816349213388,349.50898624881575,74.50253414245007,48.21157604196878,72.91666666666666,3,14.486391481488928,13.815947792743685,20.32499666091678,0.0,12,18.467786000617245,13.392064741504115,36.397231308678016,58.333333333333336,26,24.664425549266475,24.33816349213388,75.68443860949083,96.15384615384616,7,230.06934424559054,324.6181880699509,349.50898624881575,42.857142857142854,0,0.0,0.0,0.0,0.0,Priority Strict,70,29
47,30.17697533893433,15.912837223346571,111.11251491797208,53.61871040926492,41.33214777061363,65.95744680851064,7,10.071876865298833,8.40128128030176,21.82354112021366,0.0,15,11.985221183562965,9.101100655701629,36.32688926249574,86.66666666666667,22,41.17652214629845,21.958255911725438,111.11251491797208,68.18181818181817,3,87.38429930027043,90.77177406772209,100.01849053555719,100.0,0,0.0,0.0,0.0,0.0,Priority Strict,71,30
44,57.43285510001874,15.921425415607274,272.51399139207,80.35202088995217,48.10936182948957,68.18181818181817,5,11.891577345212204,12.99860891261315,15.022141956944267,0.0,9,9.404511199444528,8.694168139014494,16.82070887427028,88.88888888888889,19,24.463820124015914,18.950153928931684,61.422030280862344,94.73684210526315,11,174.37586859304182,234.36828079251316,272.51399139207,36.36363636363637,0,0.0,0.0,0.0,0.0,Priority + FIFO,42,1
51,15.538233827066355,10.756741223089932,48.60621633528257,35.489589140457475,32.25162306877914,86.27450980392157,3,6.90939666135634,3.6376995583845826,13.50039563935428,0.0,11,13.689806660235922,12.370331881863365,33.051949306375406,63.63636363636363,15,17.09169018572746,10.756741223089932,48.60621633528257,100.0,16,15.44672502348195,10.190751590642222,38.522214027562825,100.0,6,19.60181812868278,22.005557836754733,30.242668960993512,100.0,Priority + FIFO,43,2
45,33.90336729637996,15.320937779250158,106.24265762148927,59.189228313276814,43.696305315211816,62.22222222222222,3,11.294610929137122,7.159749333822731,22.232187979352148,0.0,13,12.753634131190504,9.960812354074903,26.608326930591033,69.23076923076923,22,41.64210646671467,43.999986052155805,89.63253693024927,54.54545454545454,7,58.54915851092682,87.59435152462733,106.24265762148927,100.0,0,0.0,0.0,0.0,0.0,Priority + FIFO,44,3
38,53.45802353716719,21.71681622806593,180.05924772248108,80.79731200094176,67.54001814482146,44.73684210526316,5,18.040005919412778,14.282403814651104,41.550483273941495,0.0,14,45.36085753802383,50.07942002229481,89.23846015749251,35.714285714285715,13,42.067729617952075,9.939226425887128,180.05924772248108,76.92307692307693,6,126.54539570826311,124.81224429501339,144.53824894917693,33.33333333333333,0,0.0,0.0,0.0,0.0,Priority + FIFO,45,4
39,54.090804642199835,39.692157991611545,132.71677960695973,81.2601486708073,70.65480048703313,33.33333333333333,5,8.38690462913404,8.933109900618547,11.056538909451888,0.0,10,18.55251620928147,17.09051973756776,33.95176980893672,30.0,24,78.42007065863787,96.02816276609138,132.71677960695973,41.66666666666667,0,0.0,0.0,0.0,0.0,0,0.0,0.0,0.0,0.0,Priority + FIFO,46,5
51,52.734775226194,32.80289561030048,275.51308382835066,75.21433084752691,62.83384036493601,50.98039215686274,4,10.93835266386722,11.414887930747383,12.24008823333375,0.0,11,29.111529805716486,16.488631872526014,70.45203025014592,36.36363636363637,27,47.4969838038591,42.78962094661591,120.7031309404556,59.25925925925925,8,129.12807732996905,62.074210921411364,275.51308382835066,62.5,1,10.050116673595667,10.050116673595667,10.050116673595667,100.0,Priority + FIFO,47,6
42,25.70775734276144,18.05106788409418,87.39228916581015,52.68448191811519,50.275281816416665,76.19047619047619,2,9.541122559180309,9.541122559180309,10.939393487355972,0.0,14,14.470372994133365,12.950722962179256,26.951303632262125,57.14285714285714,26,33.00224389845203,29.98428403258356,87.39228916581015,92.3076923076923,0,0.0,0.0,0.0,0.0,0,0.0,0.0,0.0,0.0,Priority + FIFO,48,7
45,62.57374560529744,20.851772661726045,304.7913314364621,87.11313648079611,52.74951886059175,31.11111111111111,6,9.836966411549945,9.540215865065363,13.240382194318386,0.0,12,17.652218248879024,17.514168776093868,43.09403273074604,33.33333333333333,23,59.263658792672324,71.14076839862088,125.10098612232078,43.47826086956522,4,295.4764956377682,298.9034464142709,304.7913314364621,0.0,0,0.0,0.0,0.0,0.0,Priority + FIFO,49,8
41,48.842135514484006,36.98164022752735,160.48940727245503,75.97957593478088,64.2223906593652,51.21951219512195,3,7.896365512459876,8.330428918175926,8.611899395392186,0.0,15,16.807906446651877,12.474967849548221,41.50814719155994,73.33333333333333,23,75.07477664594288,71.65622553317695,160.48940727245503,43.47826086956522,0,0.0,0.0,0.0,0.0,0,0.0,0.0,0.0,0.0,Priority + FIFO,50,9
41,74.60025475072851,15.74028414319173,324.745585783702,100.77031679212877,55.59925249371793,43.90243902439025,3,9.64128808071367,8.147913539234537,14.974329080702148,0.0,17,13.376923917872848,12.244333144434592,36.28623400846216,70.58823529411765,15,65.41425973882112,74.13879702065236,127.51717990921381,40.0,6,303.51082964192875,301.7267939205393,324.745585783702,0.0,0,0.0,0.0,0.0,0.0,Priority + FIFO,51,10
48,55.49995650567913,18.974880121880524,203.96251501523753,75.68644307061537,45.42858082490788,66.66666666666666,2,9.990611795875694,9.990611795875694,13.634299795587737,0.0,11,11.686757011516391,10.535677271359333,25.625016599175922,81.81818181818183,23,21.720192854371064,17.934914740842544,46.254114247142354,100.0,12,167.99149382530268,165.8543319717267,203.96251501523753,0.0,0,0.0,0.0,0.0,0.0,Priority + FIFO,52,11
44,44.82964289859328,13.853683152767417,175.90035564914655,70.39289289628576,59.194481653922324,50.0,6,23.42378365625315,17.816429613433385,47.203175375124204,0.0,14,27.073998502356257,10.6673790491283,75.7351751813361,57.14285714285714,13,107.15818309418958,133.30818352214962,175.90035564914655,23.076923076923077,6,5.2623314600119855,5.054852836309408,6.965597922946898,100.0,5,5.6590475166121905,6.129477791029828,6.9903113926175,100.0,Priority + FIFO,53,12
52,61.83689984022572,23.56632574158853,268.90805894967224,83.69418573906486,50.30229427525788,59.61538461538461,7,8.751776145321937,9.490948670770308,13.193304829808426,0.0,13,12.24762719139835,12.076549481728534,27.244494603840195,76.92307692307693,21,29.595445881848647,29.4745686040539,67.1255584615676,95.23809523809523,11,215.77571287886215,255.06387196424862,268.90805894967224,9.090909090909092,0,0.0,0.0,0.0,0.0,Priority + FIFO,54,13
58,44.98268765499377,38.44191415526211,118.4361036716034,63.74026505953007,54.63195212604275,89.65517241379311,3,10.800076284903463,11.190838638215027,15.923373594343957,0.0,8,14.853642177357344,12.907321320578689,35.455036110007654,62.5,19,18.88868049437487,19.30459656681512,43.342013504310586,100.0,28,74.96005672581953,68.94151250434703,118.4361036716034,100.0,0,0.0,0.0,0.0,0.0,Priority + FIFO,55,14
54,46.7393048236376,15.95400244696539,242.1266393538788,67.89077502336114,41.13597495050632,81.48148148148148,2,10.954523052964987,10.954523052964987,11.723347235669792,0.0,3,12.089305360102477,8.979106920004199,22.601733966350537,66.66666666666666,32,16.173906811217925,14.601015214448452,37.579718608472376,100.0,15,127.2503549655751,116.62944807954648,242.1266393538788,53.333333333333336,2,19.712577923796154,19.712577923796154,32.458011180716525,100.0,Priority + FIFO,56,15
45,19.845339419733858,15.536049029383435,51.48229045472,43.94973213535695,45.51380464514369,86.66666666666667,2,9.731789489912842,9.731789489912842,10.49520946513752,0.0,14,10.914171919747629,9.477634000644215,23.789438790406052,71.42857142857143,22,27.210348886870054,29.487603647144,49.02881760278012,100.0,6,19.412961368591485,17.716528771336165,51.48229045472,100.0,1,5.672844309041096,5.672844309041096,5.672844309041096,100.0,Priority + FIFO,57,16
48,36.93811624227959,17.45584107833936,201.9170359704766,59.22113065163592,48.70296365273582,83.33333333333334,1,23.193048682564154,23.193048682564154,23.193048682564154,0.0,15,11.443912981989428,12.390487556373813,17.509834908041768,73.33333333333333,21,29.583094081332828,34.52064287242126,61.62525764802959,95.23809523809523,10,95.18824934819428,98.05636353409058,201.9170359704766,80.0,1,5.050367027082444,5.050367027082444,5.050367027082444,100.0,Priority + FIFO,58,17
42,71.04836298434086,24.730491853204285,351.6865797568586,98.48929507611642,58.19719024516188,33.33333333333333,8,14.419316775426783,12.39102265945786,24.922152992286954,0.0,11,22.41650563017356,17.343925356353736,48.984740522735706,36.36363636363637,18,57.21125203294692,29.473474107553358,142.64663889366727,55.55555555555556,5,318.45852252278956,310.96775376275616,351.6865797568586,0.0,0,0.0,0.0,0.0,0.0,Priority + FIFO,59,18
34,52.93382791545349,54.306950653812564,172.34745201609513,79.17932503382079,80.42377552315654,20.588235294117645,2,11.769414785947447,11.769414785947447,12.182098363932539,0.0,20,32.938264094687796,33.75262465521672,74.06344291642131,35.0,12,93.12050313831399,86.57656910776385,172.34745201609513,0.0,0,0.0,0.0,0.0,0.0,0,0.0,0.0,0.0,0.0,Priority + FIFO,60,19
47,42.76675926283486,15.48529744102683,310.1355212483143,66.14704686380884,42.48274531304699,76.59574468085107,3,13.415952792875538,14.956276926694017,17.069051208035503,0.0,10,14.342198553678239,14.187061308206552,34.556656382879794,70.0,27,20.930105903234086,15.277134342939519,68.71397756552881,96.29629629629629,7,180.17928315007273,254.56629395205613,310.1355212483143,42.857142857142854,0,0.0,0.0,0.0,0.0,Priority + FIFO,61,20
54,43.01673839258975,20.027261839569114,191.49938261483345,63.70405840818324,45.207072054915464,75.92592592592592,3,10.460876270669777,11.787566315214974,13.496914308357645,0.0,13,15.567750777711941,12.88790967853646,35.2656938894624,69.23076923076923,17,20.148806805663316,13.77853175819078,74.47380020238609,88.23529411764706,21,83.17194136101455,75.72129025866329,191.49938261483345,80.95238095238095,0,0.0,0.0,0.0,0.0,Priority + FIFO,62,21
42,49.81419860178099,31.02927658913709,145.521427818058,76.57428453519907,62.779216592304465,38.095238095238095,5,13.719875816833731,9.76695392022458,21.737790241430304,0.0,14,19.11621447576209,17.77330087601142,39.28372748136201,42.857142857142854,20,78.17578158055979,91.28403183590754,145.521427818058,35.0,3,64.15144263958933,65.05181246537558,70.66527172852498,100.0,0,0.0,0.0,0.0,0.0,Priority + FIFO,63,22
53,25.230552635789383,15.743754482639957,136.14614371328747,46.26982772907271,42.51692974944456,81.13207547169812,5,12.255911398930749,11.546809158218934,16.951957339446835,0.0,7,16.54877498443641,14.575349064630245,32.64538776484102,57.14285714285714,16,21.78613512824072,17.590633485586736,52.28604899001522,100.0,18,41.11790106980167,36.41750362311535,136.14614371328747,88.88888888888889,7,10.19970378612101,10.002890440569146,23.743256503613125,100.0,Priority + FIFO,64,23
40,44.71839755433005,30.716225578701604,177.4449458072829,70.81673016525585,56.068283997803455,60.0,5,15.202584861468129,16.05032376783953,20.6017310804492,0.0,11,21.724959495235307,8.173287852771125,63.684578173940565,63.63636363636363,20,44.79425024148436,36.37366695319223,101.47795625126452,75.0,4,144.46585464714641,144.81920124710064,177.4449458072829,50.0,0,0.0,0.0,0.0,0.0,Priority + FIFO,65,24
45,37.47001441183487,21.665909115504007,358.32742193427885,61.743569434297065,51.127256209450564,75.55555555555556,4,12.620342650797117,11.869428598753913,20.058077487330692,0.0,14,13.778250683910473,11.701116227210235,27.55525828349562,64.28571428571429,25,31.153394700913655,33.02844115819801,51.77134822272764,100.0,2,331.9694504158963,331.9694504158963,358.32742193427885,0.0,0,0.0,0.0,0.0,0.0,Priority + FIFO,66,25
48,68.54707624105329,13.711179601546519,222.74781237770162,90.14790517702886,44.85174833033163,60.416666666666664,3,12.061659268142469,10.147124969938034,16.507219953078646,0.0,11,12.755165907123315,11.453870535818965,29.81197264821685,81.81818181818183,20,13.497259355627431,12.635343921445532,45.32436286715195,100.0,14,203.13019069108753,205.12412078184082,222.74781237770162,0.0,0,0.0,0.0,0.0,0.0,Priority + FIFO,67,26
41,32.43237652265355,17.23024040443528,94.70010171187849,56.458064911671975,47.491881477445844,63.41463414634146,2,5.6363034548387105,5.6363034548387105,7.256919007693341,0.0,8,16.453016322099852,17.050048519595038,24.89337625509927,37.5,27,33.104750881169124,16.163256673563083,78.58834759498598,70.37037037037037,4,73.25060653768827,83.13767085960798,94.70010171187849,100.0,0,0.0,0.0,0.0,0.0,Priority + FIFO,68,27
58,41.98107600093679,22.388618577548126,182.84762423048898,61.479166384243534,49.127345558844866,79.3103448275862,4,14.017676006916801,12.532041391995165,24.700079587676782,0.0,11,15.068473927971844,12.877980928078756,32.44467588738118,72.72727272727273,14,18.581089405612087,9.714236129453354,72.46660374762814,92.85714285714286,27,70.59704186406934,56.45991833363826,182.84762423048898,85.18518518518519,2,23.411554405267246,23.411554405267246,28.90430496835866,100.0,Priority + FIFO,69,28
48,52.43402250941532,24.33816349213388,349.50898624881575,74.50253414245007,48.21157604196878,72.91666666666666,3,14.486391481488928,13.815947792743685,20.32499666091678,0.0,12,18.467786000617245,13.392064741504115,36.397231308678016,58.333333333333336,26,24.664425549266475,24.33816349213388,75.68443860949083,96.15384615384616,7,230.06934424559054,324.6181880699509,349.50898624881575,42.857142857142854,0,0.0,0.0,0.0,0.0,Priority + FIFO,70,29
47,30.17697533893433,15.912837223346571,111.11251491797208,53.61871040926492,41.33214777061363,65.95744680851064,7,10.071876865298833,8.40128128030176,21.82354112021366,0.0,15,11.985221183562965,9.101100655701629,36.32688926249574,86.66666666666667,22,41.17652214629845,21.958255911725438,111.11251491797208,68.18181818181817,3,87.38429930027043,90.77177406772209,100.01849053555719,100.0,0,0.0,0.0,0.0,0.0,Priority + FIFO,71,30
70,20.920970524899868,12.286991766355754,187.61259779602614,35.300660185436605,24.541297262891554,92.85714285714286,1,90.49124527413653,90.49124527413653,90.49124527413653,0.0,4,20.177875949666017,17.5483864398646,34.34615939813884,50.0,19,34.6560026756357,13.51788856939396,187.61259779602614,89.47368421052632,29,13.140582204497722,9.36247535245127,46.68786399393383,100.0,17,14.924956053098697,12.85998681813453,26.459275830273867,100.0,SJF (Shortest Job First),42,1
60,15.312326233090788,10.28153834215027,95.14958201085017,32.2920041439801,25.83695217536313,88.33333333333333,2,3.613897172357369,3.613897172357369,3.6376995583845826,0.0,8,27.608001116004726,10.812926473801468,95.14958201085017,50.0,14,16.769099766185715,11.127383157963017,64.7529676445049,92.85714285714286,26,13.696847850248655,11.294493196881149,42.8839672334077,100.0,10,9.97623298796297,7.697483055509892,20.973254734985687,100.0,SJF (Shortest Job First),43,2
75,21.062213538025695,14.388396845331656,85.86736444647823,36.58799194363592,31.067068563300523,92.0,0,0.0,0.0,0.0,0.0,7,25.01078269003145,14.500401083900584,85.3604441064337,57.14285714285714,22,28.771021384717116,20.09335540149864,85.86736444647823,86.36363636363636,35,19.203542862404518,15.231820893667475,62.32179265144744,100.0,11,9.045824170342922,7.931310346396572,13.955978482936445,100.0,SJF (Shortest Job First),44,3
72,23.25176916193187,12.040107814773066,209.1177886535673,38.46936997284758,25.476713364574977,91.66666666666666,0,0.0,0.0,0.0,0.0,5,63.40987202779793,34.91565773766064,129.03572600334292,20.0,17,30.356664009422996,13.174161133677785,209.1177886535673,94.11764705882352,32,20.022944660907562,12.474212376576034,152.4771087651639,96.875,18,11.126694567270661,9.79288387093105,24.921825731052877,100.0,SJF (Shortest Job First),45,4
68,22.00761764296135,12.960511066774643,185.61237172652062,37.552050522832836,26.94890303994157,89.70588235294117,1,7.151588540701937,7.151588540701937,7.151588540701937,0.0,4,24.503808418521444,20.78576511906286,47.18529397114554,25.0,21,39.93592552615057,25.553528742556495,185.61237172652062,85.71428571428571,30,14.627133118847334,11.735346085140478,32.036928897129314,100.0,12,9.490228991000182,8.826026524091077,16.66253744834262,100.0,SJF (Shortest Job First),46,5
74,22.46301984652703,11.69932551220591,172.5729739089778,38.22371645792164,28.421890029973653,89.1891891891892,1,11.733756491391759,11.733756491391759,11.733756491391759,0.0,8,47.72116969640126,33.52551908026594,172.5729739089778,37.5,25,22.54086935306572,11.87792515417891,84.80685577916825,92.0,28,20.668879087164004,13.087206288534972,59.6525465046538,100.0,12,10.542500526096923,9.589734782656883,25.733035103755014,100.0,SJF (Shortest Job First),47,6
67,31.873285156137754,14.968182956744045,300.7476472312234,48.5549155514784,30.798272201135774,86.56716417910447,0,0.0,0.0,0.0,0.0,8,48.674177690767095,30.592914018955682,111.8529776033181,25.0,23,52.515126136742644,17.232630601549204,300.7476472312234,86.95652173913044,21,16.103365888698836,15.136960113915165,38.91564393453291,100.0,15,13.339873275155758,10.32569180134334,41.89944639517216,100.0,SJF (Shortest Job First),48,7
65,39.2296024096054,17.511044632790757,371.5736620926789,56.61014099330806,32.63762379032812,76.92307692307693,1,17.903867094389923,17.903867094389923,17.903867094389923,0.0,10,70.1031111665263,36.446346124165714,238.04545972886712,10.0,21,62.13865189908489,21.797429738760627,371.5736620926789,76.19047619047619,23,17.542038124030316,14.111954138078431,63.3628781491625,100.0,10,12.261061113121789,9.493012242387792,21.980735519992948,100.0,SJF (Shortest Job First),49,8
62,43.33192935981387,13.403399256230003,295.68993656559763,61.2837431039855,30.327372433729693,80.64516129032258,1,12.545076704268823,12.545076704268823,12.545076704268823,0.0,9,132.7215674479883,169.98254486101575,295.68993656559763,33.33333333333333,23,41.8660642499061,14.337543183609398,253.25665262501906,78.26086956521739,19,22.214025849625948,13.582318128094215,81.18473006553342,100.0,10,9.455446768156381,8.530164005476934,16.970457137464024,100.0,SJF (Shortest Job First),50,9
67,30.440813902336966,13.862581346278262,281.9178452187916,46.810864436755274,29.73457454871445,88.05970149253731,0,0.0,0.0,0.0,0.0,8,79.2633560817531,27.823918879309325,281.9178452187916,37.5,15,46.93293946820071,16.583214605559334,203.55260010857194,80.0,29,17.618460211292756,12.723264263611611,64.19335075318594,100.0,15,12.699882976803448,12.131232020299706,17.57184300719733,100.0,SJF (Shortest Job First),51,10
70,22.9547207398678,14.642262316603905,113.35661288459798,38.34626018151743,28.48799353274299,87.14285714285714,1,12.763165041023768,12.763165041023768,12.763165041023768,0.0,7,42.9726466838571,35.10265682388689,104.69779451729889,28.57142857142857,22,28.666296691249315,16.7597740442654,113.35661288459798,86.36363636363636,26,17.96468544152934,12.828819485896105,49.07889997205601,100.0,14,13.96560080539103,13.111818096495114,32.966721149032026,100.0,SJF (Shortest Job First),52,11
72,16.253696242975366,10.952011000180846,157.45989129608944,31.70340411101675,26.681152618005058,95.83333333333334,0,0.0,0.0,0.0,0.0,7,34.014753422397796,8.033331617715078,157.45989129608944,57.14285714285714,15,16.672503309004558,14.493738556887081,42.99857066069964,100.0,36,14.956305713166577,12.033886944880294,46.72088904437038,100.0,14,10.260592873455476,7.51333487342486,25.96736753027855,100.0,SJF (Shortest Job First),53,12
73,21.828134913714898,11.76651154232718,168.53753460907228,37.28422043899516,25.518827967436266,86.3013698630137,3,13.377138481095818,8.364118623679715,26.311503284736773,0.0,9,48.74823549320341,20.133183519282497,168.53753460907228,44.44444444444444,20,26.451108657757764,20.571393102974525,86.12062023108427,90.0,27,16.53310319435931,11.678365372463816,66.04199877731816,100.0,14,9.940882458300905,8.840854941135156,17.133356307671875,100.0,SJF (Shortest Job First),54,13
67,25.079881701105002,11.956519360506945,148.8254512214991,41.17901392220966,28.05410003016314,85.07462686567165,1,76.72395785999451,76.72395785999451,76.72395785999451,0.0,7,79.41936120120597,92.43020335402252,148.8254512214991,14.285714285714285,18,21.045778717172855,11.187938021472341,77.3051510045822,83.33333333333334,33,17.431401479497662,11.794377923085165,47.81001930106078,100.0,8,11.704040246633081,10.687041928631842,18.71196195168858,100.0,SJF (Shortest Job First),55,14
68,22.026195338480363,12.80334152030887,141.47289092009262,38.98012225442973,29.975774062845204,94.11764705882352,0,0.0,0.0,0.0,0.0,0,0.0,0.0,0.0,0.0,30,34.621329597139656,22.973995804639088,141.47289092009262,86.66666666666667,26,10.958576562228991,9.751289092869087,25.205045686028143,100.0,12,14.51820037371005,10.52302420837347,34.43825173283193,100.0,SJF (Shortest Job First),56,15
67,18.67813557747453,9.643857009012805,158.6752423272351,35.70117075540047,26.322717837073384,91.04477611940298,0,0.0,0.0,0.0,0.0,8,45.69341089595138,35.486439906440495,158.6752423272351,37.5,22,21.73718758396925,10.605002298435494,149.21402536457714,95.45454545454545,25,12.251943410683113,9.643857009012805,33.77533177977591,100.0,12,8.44759036739845,8.64060250347049,13.97950600088015,100.0,SJF (Shortest Job First),57,16
72,20.995633837815355,10.628985509720877,157.4037018876363,36.323108996496266,24.72823987139998,88.88888888888889,0,0.0,0.0,0.0,0.0,6,27.28614142404072,18.515400436209887,62.69335401945574,50.0,21,36.437201801095775,15.509326822181805,157.4037018876363,76.19047619047619,26,15.258269342405802,10.628985509720877,62.35989961262635,100.0,19,9.793291950152579,8.463882486917157,26.274326234393754,100.0,SJF (Shortest Job First),58,17
66,26.325357946356494,11.543995906354155,236.62769786465154,43.34680923521208,26.538896270702644,83.33333333333334,3,165.99838024724977,200.26262218805672,236.62769786465154,0.0,6,40.092409419153945,28.228025298993316,115.03144358977866,16.666666666666664,17,31.679245019165847,22.92453539286032,120.67933087132066,82.35294117647058,28,10.233552533084417,8.569811883652513,28.67180781088797,100.0,12,14.48644924588938,10.683614724012621,42.358395141222104,100.0,SJF (Shortest Job First),59,18
70,24.690632027912013,11.684650245664152,190.15320936927475,39.776109568296974,26.058222242383238,87.14285714285714,0,0.0,0.0,0.0,0.0,9,61.803756694590305,49.636390689504196,190.15320936927475,33.33333333333333,14,21.882534786209934,15.837336431401468,73.19430305356724,85.71428571428571,31,22.68750559138293,13.966614028654433,135.36890120380303,96.7741935483871,16,10.152641960169895,8.708027798741426,20.498247080050206,100.0,SJF (Shortest Job First),60,19
65,18.83349020697814,13.763654710855178,71.57592675805779,36.91305580561903,32.21780735308357,87.6923076923077,0,0.0,0.0,0.0,0.0,9,22.768959921781708,15.927829697124196,48.60470401627623,33.33333333333333,27,23.298951957382073,16.383435566984318,71.57592675805779,92.5925925925926,21,14.377307159449376,12.631690196992963,40.68444981625342,100.0,8,11.03263386997383,9.783094355713288,19.009510736149238,100.0,SJF (Shortest Job First),61,20
64,28.622076348523315,14.44127157741562,218.32213567573672,46.29521071642843,31.99932564077985,81.25,1,26.58957272277985,26.58957272277985,26.58957272277985,0.0,11,37.07185824072956,28.888308789929056,94.95670604364221,27.27272727272727,17,41.62918480634416,22.26714744936652,218.32213567573672,82.35294117647058,27,21.577272041199958,10.156560718669027,98.4104632877206,100.0,8,13.393798264304689,12.515583469119989,28.018890581945612,100.0,SJF (Shortest Job First),62,21
68,30.389857553310247,12.736111295218159,210.3143106745674,47.21842959684664,28.438304134514233,82.35294117647058,3,58.41141828363422,76.1982215607633,91.33805664308142,0.0,7,76.9777574548851,55.22104204973988,210.01722616925602,28.57142857142857,19,37.812422516437,12.713543584447166,210.3143106745674,78.94736842105263,28,17.79625216572423,12.423393086248652,61.599286370203885,100.0,11,12.336424376128786,10.564577666674126,19.256886669513307,100.0,SJF (Shortest Job First),63,22
66,18.048348164808225,12.740650414933384,103.99756161933465,35.47430662523765,27.46736639690547,86.36363636363636,2,50.05432230181239,50.05432230181239,73.81207314297046,0.0,6,30.11554939895846,25.05042750928751,69.02847529254564,0.0,15,24.246514251570034,14.506697649819472,103.99756161933465,93.33333333333333,30,13.676172140681132,9.870695734903222,33.57268593245078,100.0,13,10.492781529690982,8.855480809674134,17.59665010154248,100.0,SJF (Shortest Job First),64,23
66,22.479947516292896,14.29361877772309,256.85137013078804,39.32559390906955,31.316900791400677,90.9090909090909,0,0.0,0.0,0.0,0.0,6,37.26867946539636,37.09966625679171,69.97286191823463,33.33333333333333,22,31.624001174732836,17.48717528576583,256.85137013078804,90.9090909090909,29,15.628301826028315,11.861066459079382,44.83092775863798,100.0,9,12.346186720445498,13.435867593449643,20.532578231073643,100.0,SJF (Shortest Job First),65,24
71,25.264030614103362,13.674005449544495,278.0544969205812,41.046099471396275,27.023291214099203,90.14084507042254,1,32.08148469252127,32.08148469252127,32.08148469252127,0.0,5,49.09415011036319,38.2483227768995,145.9681613161975,40.0,23,36.62688879623238,17.562178008294694,278.0544969205812,86.95652173913044,31,18.342919898587056,13.193707889995153,83.81603679046304,100.0,11,9.55863447158709,7.67645335564697,17.332258665399507,100.0,SJF (Shortest Job First),66,25
61,22.523656709721145,13.420868829721542,171.67071266166823,38.86283582303044,28.52279064547713,85.24590163934425,2,49.62130031235403,49.62130031235403,92.29012855932086,0.0,5,64.25672579166009,30.44751694970583,171.67071266166823,20.0,17,22.516036929125576,12.298449544202072,75.39264034677632,82.35294117647058,29,16.618567906785373,14.373232243400594,38.32639550898466,100.0,8,11.088216577258827,9.981420688702258,19.122152592599008,100.0,SJF (Shortest Job First),67,26
62,19.604888350104165,11.56008219698731,92.7554466501395,35.911141613404936,28.248513934551028,91.93548387096774,0,0.0,0.0,0.0,0.0,2,56.439337767170755,56.439337767170755,62.2963359772489,0.0,25,26.056945606131894,14.522221252636967,92.7554466501395,88.0,22,14.434116257009604,10.339653028538805,35.20347931852751,100.0,13,10.280784951123694,9.664349860739463,26.37702056444411,100.0,SJF (Shortest Job First),68,27
71,20.709152878367185,12.473726711100426,118.93647358918957,36.46138104565038,26.822256376808298,88.73239436619718,2,29.402232333990952,29.402232333990952,48.40746947930495,0.0,10,31.64149475742559,25.083048873582193,118.93647358918957,40.0,12,25.947683895404165,21.813862402233127,53.487918342060595,100.0,26,19.382736081150686,11.803585907774334,75.89710232637995,100.0,21,13.324147488907819,10.121276108467782,37.65792750298475,100.0,SJF (Shortest Job First),69,28
67,23.57339382558471,11.620723842045038,241.04404182495662,39.707978817927554,27.64960263756845,92.53731343283582,1,8.960687437021761,8.960687437021761,8.960687437021761,0.0,5,61.817200299940076,88.76934966009233,104.48635478972716,40.0,23,28.429774190584034,11.748915387980247,241.04404182495662,95.65217391304348,30,17.120233717204382,11.9946948034966,56.98961389062825,100.0,8,11.734859934736129,11.219011178091847,18.011025382276557,100.0,SJF (Shortest Job First),70,29
71,25.914889419244567,13.205922697641142,292.3500238749657,41.31960229382735,28.167655618753955,90.14084507042254,2,17.673351890498395,17.673351890498395,29.0371372917283,0.0,7,55.4655322084916,22.736533673908923,187.35024037598083,42.857142857142854,22,26.709995273766534,11.226648459671324,292.3500238749657,95.45454545454545,31,23.212504401196128,13.959467631172458,117.03168723618663,100.0,9,12.127131896220314,10.874680825751199,24.071968213859805,100.0,SJF (Shortest Job First),71,30
44,31.871514263878023,13.93808701967626,280.7671621734222,54.758284721128895,40.22383669976158,79.54545454545455,5,8.835396110245403,8.687197202668244,11.01613518314403,0.0,9,11.013805639140628,9.809183244227597,20.456129537009986,88.88888888888889,19,23.268656392752657,16.479909073585645,73.13914025841865,94.73684210526315,11,74.26735680407636,50.361959794535096,280.7671621734222,81.81818181818183,0,0.0,0.0,0.0,0.0,Round Robin Ponderat,42,1
50,14.4078684436581,9.428346078331657,69.78357489319552,34.272314317061586,28.688315630577662,86.0,3,6.90939666135634,3.6376995583845826,13.50039563935428,0.0,11,13.372585454869137,9.328599403026772,33.051949306375406,72.72727272727273,14,15.900207526048893,8.639047860905976,69.78357489319552,92.85714285714286,16,12.612180748767573,9.050008952631188,31.90885683524273,100.0,6,21.361499141718287,18.807256288362765,41.04941280481606,100.0,Round Robin Ponderat,43,2
46,29.18963515597214,16.21157087967009,140.06726769147548,54.703614341201195,47.9963037201598,67.3913043478261,4,18.491907333750724,18.881348604570476,29.127576549948003,0.0,12,17.036855320056436,15.110954964119614,33.70965421671423,50.0,22,33.62460190699811,18.36764660834413,140.06726769147548,77.27272727272727,8,40.57151025563498,30.66317330239648,105.47588483020742,100.0,0,0.0,0.0,0.0,0.0,Round Robin Ponderat,44,3
40,43.56213214616743,20.352359032682088,155.08044809060237,69.8093125258895,55.018765320700346,55.00000000000001,5,20.17488995436841,11.793449533684026,40.800159894706496,0.0,14,50.04388262903514,56.41895033415449,116.7657379303854,28.57142857142857,14,31.365078472402406,12.83873049846676,155.08044809060237,78.57142857142857,7,71.6979115221042,80.33065141626393,119.5566116633925,100.0,0,0.0,0.0,0.0,0.0,Round Robin Ponderat,45,4
40,47.93464674223124,24.552161880204068,260.23580775442406,74.6930798933196,58.45417553356283,57.49999999999999,5,9.805136845617142,8.791297793105045,19.325963950364923,0.0,10,13.688637258622965,10.629726773163355,26.214849559062316,70.0,24,70.03167037218732,48.16616325936002,260.23580775442406,62.5,1,50.713723942438556,50.713723942438556,50.713723942438556,100.0,0,0.0,0.0,0.0,0.0,Round Robin Ponderat,46,5
51,39.449769211853834,18.6541219657351,169.4121294485572,62.18071572291001,45.08187125614158,60.78431372549019,4,17.575396058621735,11.884282617451078,35.542561088136836,0.0,11,38.61679054108249,22.444483053349927,123.61211830251486,36.36363636363637,28,38.7037900633381,16.415889697115105,128.3999037948014,75.0,7,60.44224445301275,30.347590118081484,169.4121294485572,71.42857142857143,1,10.050116673595667,10.050116673595667,10.050116673595667,100.0,Round Robin Ponderat,47,6
41,30.04045125633825,16.948564664627526,156.41302309120977,57.25987401444613,44.93857963680401,68.29268292682927,2,10.323686719402673,10.323686719402673,10.696178103534464,0.0,13,13.660545099929712,11.579985350451196,19.582745974017854,61.53846153846154,24,41.84248733185365,25.250826527119983,156.41302309120977,75.0,2,14.602172903744574,14.602172903744574,15.75212116453406,100.0,0,0.0,0.0,0.0,0.0,Round Robin Ponderat,48,7
47,56.47837411232071,19.73291163406296,283.8200091044184,80.79591974925005,46.510913306235125,44.680851063829785,6,11.681586727022252,10.920071522443656,20.377741207435804,0.0,12,18.936580729168895,16.69434033723728,54.38165036039318,41.66666666666667,23,64.43879172272644,33.57555835323262,230.19408709550154,56.52173913043478,6,145.84381409070087,110.99211915866218,283.8200091044184,50.0,0,0.0,0.0,0.0,0.0,Round Robin Ponderat,49,8
41,48.462611087861696,14.477365936084396,267.21571425623097,75.60005150815857,51.65287717468274,58.536585365853654,3,7.954170042435706,6.567406356010736,10.874071301885294,0.0,15,17.65097475052026,13.062640259127846,63.19284270293201,73.33333333333333,23,73.84086622683559,48.863317872780414,267.21571425623097,56.52173913043478,0,0.0,0.0,0.0,0.0,0,0.0,0.0,0.0,0.0,Round Robin Ponderat,50,9
42,57.08399874119874,21.062625646528538,324.5640626762445,82.98993288816288,50.50773351154718,50.0,3,13.407683036712541,11.405549163616797,22.64903998205463,0.0,17,15.529060290075687,13.550650015183635,39.58179354204371,64.70588235294117,15,63.79744012446871,69.67275698681692,137.08449256601708,46.666666666666664,7,162.33561017455597,200.70129504949895,324.5640626762445,42.857142857142854,0,0.0,0.0,0.0,0.0,Round Robin Ponderat,51,10
51,37.83133111762087,17.135750520430072,243.74717740468378,57.769511128911404,43.62786237556075,88.23529411764706,2,7.542714098096923,7.542714098096923,9.542241242649709,0.0,11,11.380165314873146,11.387048709546491,17.135750520430072,81.81818181818183,23,26.390614846088862,19.069083736002,66.58430055708402,95.65217391304348,15,78.80976659192147,76.96574782608906,243.74717740468378,93.33333333333333,0,0.0,0.0,0.0,0.0,Round Robin Ponderat,52,11
46,35.10530232785942,14.103020393884862,165.88809615255846,59.741326251406896,50.053559602509594,56.52173913043478,6,18.54375600023553,14.43488474403513,47.203175375124204,0.0,14,26.849610728083512,16.51556402644772,86.00158228849409,50.0,15,71.18783963625454,59.71905498810736,165.88809615255846,53.333333333333336,6,5.2623314600119855,5.054852836309408,6.965597922946898,100.0,5,5.6590475166121905,6.129477791029828,6.9903113926175,100.0,Round Robin Ponderat,53,12
55,46.45501990361638,15.82408957678399,292.7591121283731,67.28419976646958,46.02661598460156,67.27272727272727,7,8.848163857561776,9.280651837420521,13.75323867262756,0.0,13,10.316622950073734,9.48128422033659,20.532956761119266,84.61538461538461,21,33.77340781093544,22.413222362212537,94.7844564185078,80.95238095238095,14,117.83794895109754,89.6054242267134,292.7591121283731,64.28571428571429,0,0.0,0.0,0.0,0.0,Round Robin Ponderat,54,13
61,36.161195004464226,17.080837265950848,291.51815993156555,54.24999214298258,35.53691990015945,85.24590163934425,3,9.17027978615505,9.228987110787216,10.641904835042055,0.0,8,15.97513316876261,11.746142014653685,39.484337274102444,62.5,19,16.113650302738225,10.045773543263635,39.03699967610237,100.0,31,56.269730155216955,22.035835086948225,291.51815993156555,90.32258064516128,0,0.0,0.0,0.0,0.0,Round Robin Ponderat,55,14
55,25.917544999905708,12.605966024195652,255.70267818714834,46.70536345413435,36.93734962694407,94.54545454545455,2,8.846484388278057,8.846484388278057,10.797438337616228,0.0,3,9.048576918055176,7.281651122844778,14.112111051538932,100.0,31,15.21322248919312,12.381356292856424,57.01474922039216,100.0,17,49.73428377964666,21.134382931132194,255.70267818714834,94.11764705882352,2,31.76677702255622,31.76677702255622,55.2112575541406,100.0,Round Robin Ponderat,56,15
45,19.891402006251063,10.689907361136136,113.21334866071976,43.99579472187416,37.56605375513527,82.22222222222221,2,7.878028088729593,7.878028088729593,8.839809065303825,0.0,14,11.029651960635183,9.132927037520318,24.243326265860844,71.42857142857143,22,27.42095707498786,19.131266111911742,113.21334866071976,90.9090909090909,6,19.33466778269535,17.02732906758815,47.85003704734059,100.0,1,5.672844309041096,5.672844309041096,5.672844309041096,100.0,Round Robin Ponderat,57,16
48,31.268261867646743,12.37662462380328,114.3116678607019,53.72782532488583,42.99739769040123,83.33333333333334,1,20.75890679566595,20.75890679566595,20.75890679566595,0.0,15,10.284016873516618,10.007511848704667,17.51281871536395,80.0,21,30.24718805363433,19.945455746384198,104.91657614288854,80.95238095238095,10,68.5616093595225,89.19820980323465,114.3116678607019,100.0,1,5.050367027082444,5.050367027082444,5.050367027082444,100.0,Round Robin Ponderat,58,17
43,50.680845980644676,24.45351842779803,259.179526467073,77.64126317510896,58.63002030053758,41.86046511627907,8,15.68263733714144,13.40086759091038,26.659704659935926,0.0,11,26.318186686426134,24.45351842779803,54.37172816561585,36.36363636363637,18,56.41470916201547,27.293319989312813,220.21760109082436,61.111111111111114,6,124.8084100006039,117.702561222898,259.179526467073,50.0,0,0.0,0.0,0.0,0.0,Round Robin Ponderat,59,18
32,43.799940025645355,24.693983902300943,209.52848172373882,71.73766885393451,55.83620462870688,43.75,2,7.6473980998763125,7.6473980998763125,7.748567803007802,0.0,20,32.57917321471781,19.080092833913675,97.07509729898979,40.0,10,73.47198203265427,39.71999977216737,209.52848172373882,60.0,0,0.0,0.0,0.0,0.0,0,0.0,0.0,0.0,0.0,Round Robin Ponderat,60,19
48,35.375647880952165,12.592070710537826,317.4476820307774,59.10234500756277,38.64292258768481,70.83333333333334,4,8.94455291777114,8.461460334519359,12.249419884988441,0.0,10,16.460229253277184,14.261939943782778,46.74178237634723,60.0,26,22.74644859615777,10.766060977908396,129.8022362442911,88.46153846153845,8,113.28036632271825,51.91909328229287,317.4476820307774,62.5,0,0.0,0.0,0.0,0.0,Round Robin Ponderat,61,20
55,25.651190348766228,10.826022943880787,179.03410359173046,46.028932786316,37.96639029599885,85.45454545454545,3,8.643977223834819,8.547420889361206,10.936494037969908,0.0,13,13.300936899219263,10.826022943880787,32.19614859842068,84.61538461538461,18,17.171279219310595,8.743598618951637,71.91337993199835,88.88888888888889,21,42.994682470152235,24.589887986677226,179.03410359173046,95.23809523809523,0,0.0,0.0,0.0,0.0,Round Robin Ponderat,62,21
42,44.13994949605602,18.68941172781004,280.6437710244087,70.86356655182878,48.882268718221496,61.904761904761905,5,12.600197495024238,13.173043751121241,17.33679456975372,0.0,14,18.495754879530875,10.078398987919314,79.27992778742228,71.42857142857143,19,67.88522503058525,27.523198068264534,280.6437710244087,63.1578947368421,4,60.52926186616999,55.567085715575985,85.8739282918748,100.0,0,0.0,0.0,0.0,0.0,Round Robin Ponderat,63,22
52,20.12927912016278,12.836437154986278,103.53639466410436,41.60229132570899,35.62748667579229,82.6923076923077,5,10.251634941504273,8.054965404433688,15.608063774828054,0.0,7,15.550239178919151,17.47878348009334,29.187605824606806,42.857142857142854,16,19.682340913397987,14.004261435013404,55.1557793298025,100.0,17,29.42925201007613,20.519890784133437,103.53639466410436,100.0,7,10.19970378612101,10.002890440569146,23.743256503613125,100.0,Round Robin Ponderat,64,23
41,30.983362441914895,13.539910299829558,120.38638542760019,56.911041379904816,51.73505080182852,65.85365853658537,5,14.308026794945041,14.50424781670364,20.6017310804492,0.0,11,18.92316919572203,10.918252248754186,52.02246143735027,63.63636363636363,20,32.0625190956143,9.743106801020573,98.16118469811721,80.0,5,69.87449661571142,68.93728644878291,120.38638542760019,80.0,0,0.0,0.0,0.0,0.0,Round Robin Ponderat,65,24
47,39.644902463281944,21.16345829503163,271.1318351141938,63.55651488516381,48.93551900196175,63.829787234042556,4,12.549024796466188,12.364746301432781,20.237254735666113,0.0,13,15.425912838890424,12.180972135641184,26.43748341279837,53.84615384615385,26,32.00388130357425,22.358622230341844,95.01409888282353,88.46153846153845,4,195.1191339474701,190.62438181155068,271.1318351141938,0.0,0,0.0,0.0,0.0,0.0,Round Robin Ponderat,66,25
49,30.25733741844703,15.942295692489864,119.96809131584473,52.64390159158983,41.62965518556487,89.79591836734694,3,12.427715245677376,11.835379253189444,16.507219953078646,0.0,11,9.272470989309156,7.135230037609716,24.3183074543914,90.9090909090909,20,18.19830029836968,13.53467200222807,78.52481756217136,95.0,15,65.29088006113855,75.16893889072435,119.96809131584473,100.0,0,0.0,0.0,0.0,0.0,Round Robin Ponderat,67,26
41,29.98846800490808,19.007236433001722,116.82359238932065,53.544519485877814,49.78101773206568,73.17073170731707,2,9.765986819455676,9.765986819455676,12.672305977488634,0.0,7,18.764179895489377,17.491971347310027,26.52918359014876,28.57142857142857,27,33.1613270083232,19.007236433001722,116.82359238932065,85.18518518518519,5,36.658025213833554,32.55156774486531,81.37351797758848,100.0,0,0.0,0.0,0.0,0.0,Round Robin Ponderat,68,27
58,43.27718407820968,14.739633118783274,334.4392624792406,62.775274461516425,37.879802224624214,72.41379310344827,4,10.223806296440827,10.738409824632981,14.620683051026617,0.0,11,12.838069580595919,8.895054676210663,38.03236502923747,63.63636363636363,14,22.458234320566696,8.671898328514203,83.59490452619423,78.57142857142857,27,72.78809056317074,45.271665341931964,334.4392624792406,81.48148148148148,2,24.134480135149275,24.134480135149275,29.424621310960447,100.0,Round Robin Ponderat,69,28
49,30.47867168378704,12.500403011380797,211.09458692078087,52.67463624348223,36.52420936031467,73.46938775510205,3,15.033390600982727,14.975285055499711,21.24795857529412,0.0,12,14.144149575564876,9.844384315761417,51.24036968918901,66.66666666666666,26,25.010987652698166,12.301664258075533,140.73746474901586,88.46153846153845,8,78.54240835321075,23.22528599412734,211.09458692078087,62.5,0,0.0,0.0,0.0,0.0,Round Robin Ponderat,70,29
48,33.14283118361732,14.502360873979,226.97779448255204,56.20563782755269,39.73741643792265,72.91666666666666,7,10.787339491506888,8.584543943359677,21.081030592520477,0.0,14,12.129381966099043,12.071683184313287,18.425482838193943,85.71428571428571,22,53.86107044946004,23.19125929770361,226.97779448255204,81.81818181818183,5,32.117924591915155,15.146315401160706,100.8400577013974,100.0,0,0.0,0.0,0.0,0.0,Round Robin Ponderat,71,30
